movie,user,rating
3+ninjas+kick+back+1994,10000,3
monsters_+inc.+2001,100002,4
more+about+the+children+of+noisy+village+1987,100002,4
shutter+island+2010,100003,3
bambi+1942,100004,4
underworld+evolution+2006,100006,3
back+to+the+future+1985,100006,5
scarface+1983,100006,4
the+donkeys+hide+1982,100006,3
blackbeard_+the+pirate+1952,100006,4
harry+potter+and+the+deathly+hallows+part+2+2011,100009,4
the+details+2012,10001,1
dawn+of+the+planet+of+the+apes+2014,100010,4
the+white+massai+2005,100011,3
little+nicholas+2009,100012,4
a+very+social+secretary+2005,100013,4
vice+2015,100014,3
cashback+2006,100016,4
km.+0+2000,100018,2
ingmar+bergman+on+life+and+work+1998,100018,4
from+above+2014,100019,3
examined+life+2008,100020,3
fireflies+in+the+garden+2008,100020,2
zorro_+the+gay+blade+1981,100020,3
predator+1987,100023,4
the+bridge+on+the+river+kwai+1957,100023,4
gone+girl+2014,100025,3
a+very+long+engagement+2004,100025,4
les+misrables+1978,100025,4
the+shawshank+redemption+1994,100026,4
die+hard+1988,100027,5
sleeping+beauty+1959,100027,4
x-men+days+of+future+past+2014,100028,4
good+men_+good+women+1995,100030,4
the+lord+of+the+rings+the+return+of+the+king+2003,100030,4
pride++prejudice+2005,100030,4
the+secret+policemans+other+ball+1982,100030,5
neptunes+daughter+1949,100030,4
the+shawshank+redemption+1994,100030,5
live+flesh+1997,100030,5
incendies+2010,100031,4
eastwest+1999,100031,3
the+last+kiss+2001,100031,3
the+hobbit+the+desolation+of+smaug+2013,100032,5
oedipus+rex+1967,100033,4
coraline+2009,100033,5
doubt+2008,100035,4
5050+2011,100035,4
a+late+quartet+2012,100036,3
the+hurricane+1999,100036,5
bad+men+of+missouri+1941,10004,5
drunken+master+1978,10004,4
hansel++gretel+2002,100041,3
indiana+jones+and+the+temple+of+doom+1984,100041,4
it+follows+2015,100041,3
rewind+this+2013,100044,3
the+lord+of+the+rings+the+fellowship+of+the+ring+2001,100044,4
goodfellas+1990,100044,3
the+gods+must+be+crazy+1980,100045,4
high+anxiety+1977,100046,3
crazy+safari+1991,100049,4
angel+and+the+badman+1947,10005,5
ulzanas+raid+1972,100051,3
law+abiding+citizen+2009,100051,4
men+in+black+1997,100051,4
indias+daughter+2015,100052,3
toy+story+2+1999,100052,3
the+dark+valley+2014,100052,2
forrest+gump+1994,100052,2
a+most+wanted+man+2014,100053,3
borat+cultural+learnings+of+america+for+make+benefit+glorious+nation+of+kazakhstan+2006,100053,4
temple+grandin+2010,100054,4
walle+2008,100054,4
saps+at+sea+1940,100055,3
bolt+2008,100056,3
when+nietzsche+wept+2007,100057,4
tere+bin+laden+2010,100057,3
harry+potter+and+the+philosophers+stone+2001,100058,5
the+day+the+earth+stood+still+1951,100058,4
the+blues+brothers+1980,100059,3
clash+of+the+titans+1981,100061,3
killer+of+sheep+1978,100062,4
the+rag+man+1925,100068,4
step+up+2006,100069,4
brother+bear+2003,100071,4
this+sporting+life+1963,100073,3
the+adventures+of+priscilla_+queen+of+the+desert+1994,100073,2
high+and+low+1963,100073,3
american+flyers+1985,100074,4
sniper+reloaded+2011,100074,3
see+the+sea+1997,100074,3
one+flew+over+the+cuckoos+nest+1975,100075,5
a+bay+of+blood+1971,100077,3
elvis+and+me+1988,100077,4
phantom+lady+1944,100079,5
angelus+2001,100079,4
frankenstein+1931,100079,5
awaara+1951,100081,3
whiplash+2014,100082,4
the+immigrant+1917,100088,3
kingsman+the+secret+service+2015,100088,3
ice+age+2002,10009,3
passport+to+pimlico+1949,100090,4
dawn+of+the+planet+of+the+apes+2014,100090,4
the+best+and+the+brightest+2010,100093,3
hitchcock+2012,100095,3
frozen+2013,100095,3
the+big+picture+2010,100096,4
tribulation+2000,100096,5
before+sunset+2004,100097,5
the+hurt+locker+2008,100097,4
superbad+2007,10010,3
jolly+fellows+1934,10010,4
mulan+1998,10010,3
despicable+me+2+2013,100100,4
the+long+riders+1980,100100,3
inn+of+evil+1971,100101,3
71+fragments+of+a+chronology+of+chance+1994,100102,3
bffs+2014,100105,4
three+steps+above+heaven+2010,100108,3
nightcrawler+2014,100109,4
the+lives+of+others+2006,100109,5
stonehearst+asylum+2014,100109,3
the+lord+of+the+rings+the+fellowship+of+the+ring+2001,10011,4
ricomincio+da+tre+1981,100112,4
the+shawshank+redemption+1994,100115,4
harry+potter+and+the+chamber+of+secrets+2002,100117,4
charlie+chan+in+rio+1941,100117,2
antboy+revenge+of+the+red+fury+2014,100118,4
yellowbrickroad+2010,100119,3
happy+feet+2006,10012,4
the+goonies+1985,100121,5
monty+python+and+the+holy+grail+1975,100124,3
best+in+show+2000,100125,4
reservoir+dogs+1992,100125,3
birdy+1984,100125,4
aparajito+1956,100128,4
scarface+1932,100129,4
animal+house+1978,100129,4
limelight+1952,10013,4
the+rules+of+the+game+1939,100134,5
the+secret+world+of+arrietty+2010,100137,3
dr.+no+1962,100139,4
charlie+and+the+chocolate+factory+2005,100140,4
the+shawshank+redemption+1994,100140,5
the+godfather+1972,100141,5
viy+1967,100141,4
harry+potter+and+the+goblet+of+fire+2005,100141,4
leon+the+professional+1994,100142,4
back+to+the+future+1985,100144,3
big+business+1988,100144,2
out+of+the+ashes+2003,100144,2
i+am+love+2009,100145,3
the+class+2007,100146,4
the+day+the+earth+stood+still+1951,100146,4
mr.+klein+1976,100149,3
monty+python+and+the+holy+grail+1975,10015,3
cinderella+2015,100151,3
the+kick+2011,100151,3
krippendorfs+tribe+1998,100151,3
the+shawshank+redemption+1994,100151,4
dead+ahead+the+exxon+valdez+disaster+,100151,5
made+in+dagenham+2010,100152,4
finding+nemo+2003,100152,4
how+to+train+your+dragon+2010,100152,5
pete+smalls+is+dead+2010,100154,3
all+the+presidents+men+1976,100154,4
the+man+who+knew+too+much+1956,100156,4
the+avengers+2012,10016,5
jeremiah+johnson+1972,100160,4
rolling+thunder+1977,100161,4
the+grateful+dead+1977,100161,4
gladiator+2000,100162,4
david+copperfield+1935,100162,4
despicable+me+2010,100163,4
only+god+forgives+2013,100164,4
lone+wolf+and+cub+white+heaven+in+hell+1974,100164,4
the+ultimate+accessory+2013,100166,3
monty+python+and+the+holy+grail+1975,100167,4
two+times+lotte+1950,100167,3
the+adventures+of+tarzan+1921,100168,4
pulp+fiction+1994,100169,5
the+princess+and+the+frog+2009,10017,3
eva+2011,100173,4
heads+1994,100176,4
the+sea+hawk+1940,100177,5
inbetween+worlds+2014,100177,4
cinemania+2002,100177,4
finding+nemo+2003,100179,4
empire+of+the+sun+1987,100180,4
shutter+island+2010,100180,4
chicken+run+2000,100181,3
the+goonies+1985,100181,5
the+lion+king+1994,100183,4
southern+district+2009,100183,4
starstruck+2010,100184,4
one-eyed+jacks+1961,100185,4
huddersfield+2007,100188,3
sholay+1975,100189,4
the+lord+of+the+rings+the+return+of+the+king+2003,10019,4
missing+1982,100190,4
star+wars+1977,100190,4
the+lion+king+1994,100192,3
el+dorado+1966,100192,3
fight+club+1999,100195,5
chicken+little+2005,100195,3
the+bitter+tears+of+petra+von+kant+1972,100196,4
its+the+great+pumpkin_+charlie+brown+1966,100196,3
wonder+woman+2009,100196,2
donovans+reef+1963,100196,3
the+terminator+1984,100197,3
olympian+holiday+1976,100197,4
bad+men+of+missouri+1941,100197,2
sense+and+sensibility+2008,100197,4
harry+potter+and+the+deathly+hallows+part+2+2011,100198,5
the+chronicles+of+narnia+the+lion_+the+witch+and+the+wardrobe+2005,100198,4
the+doctor+1991,100199,4
the+pajama+game+1957,100199,3
sixteen+candles+1984,10020,3
douce+1943,100200,4
monty+python+and+the+holy+grail+1975,100201,4
up+2009,100202,3
the+curiosity+of+chance+2006,100202,3
higher+ground+2011,100204,3
iron+man+3+2013,100204,4
dreams+that+money+can+buy+1947,100205,3
toy+story+2+1999,100205,3
fury+1936,100205,4
ratatouille+2007,100206,4
dossier+51+1978,100206,4
frantic+1988,100207,3
forrest+gump+1994,100209,5
jupiter+ascending+2015,100209,3
true+grit+1969,100209,5
tracers+2015,10021,4
the+day+the+earth+stood+still+1951,100210,4
dragon+ball+z+battle+of+gods+2013,100214,3
knight+and+day+2010,100214,2
the+gambler+2014,100214,2
in+a+better+world+2010,100215,4
war+dance+2007,100215,4
still+life+2007,100216,5
traffic+2000,100216,4
up+2009,100217,4
hana+2006,100218,3
aladdin+1992,100219,3
mother+and+son+1997,100220,4
beginners+2010,100220,4
spirited+away+2001,100220,5
1900+1976,100220,4
the+glass+house+1972,100223,3
bridge+of+dragons+1999,100223,3
yatterman+2009,100224,3
colt+38+special+squad+1976,100226,3
joker+2012,100226,3
the+asthenic+syndrome+1990,100227,3
toy+story+1995,100227,4
the+lord+of+the+rings+the+two+towers+2002,100227,4
hunky+dory+2011,100227,4
to+be+takei+2014,100227,3
recollections+of+the+yellow+house+1989,100228,3
fight+club+1999,100229,5
goodfellas+1990,100230,5
big+fish+2003,100231,5
the+hobbit+the+battle+of+the+five+armies+2014,100231,3
elling+2001,100233,5
my+sassy+girl+2001,100236,4
buffalo+66+1998,100236,4
from+russia+with+love+1963,100238,3
farce+of+the+penguins+2006,100238,4
whisper+of+the+heart+1995,100241,4
castle+in+the+sky+1986,100241,4
hercules+1997,100243,4
the+amazing+spider-man+2012,100243,4
diamond+dogs+2007,100246,4
internes+cant+take+money+1937,100246,4
mr.+smith+goes+to+washington+1939,100246,4
swamp+water+1941,100247,4
toy+story+1995,100247,5
the+goonies+1985,100249,4
fatal+attraction+1987,100249,2
50+first+dates+2004,100249,4
legendary+2010,100249,4
death+of+a+nation+-+the+timor+conspiracy+1994,100250,4
kings+and+queen+2004,100250,4
monsters_+inc.+2001,100250,4
i+saw+the+sun+2009,100250,4
a+bugs+life+1998,100252,4
the+gods+must+be+crazy+1980,100252,4
nightmare+man+2006,100253,4
a+time+to+love+and+a+time+to+die+1958,100258,4
read+it+and+weep+2006,100258,4
eat+drink+man+woman+1994,100259,3
snow+white+and+the+seven+dwarfs+1937,10026,3
rope+1948,10026,4
the+severed+arm+1973,10026,3
sexual+predator+2001,100261,5
to+live+1994,100263,4
shrek+forever+after+2010,100263,4
pirates+of+the+caribbean+at+worlds+end+2007,100264,5
things+behind+the+sun+2001,100267,4
forrest+gump+1994,100268,5
the+swimming+pool+1969,100268,4
nights+and+weekends+2008,10027,3
gimme+the+loot+2012,10027,4
how+to+train+your+dragon+2+2014,10027,3
looking+for+eric+2009,100270,4
something+new+2006,100270,4
police+story+3+supercop+1992,100274,4
stray+dog+1949,100274,3
the+ron+clark+story+2006,100275,3
sleeping+beauty+1959,100275,3
almost+famous+2000,100275,4
quantum+of+solace+2008,100276,4
gomorrah+2008,100278,4
ill+manors+2012,10028,3
blonde+ice+1948,100281,4
storage+2009,100283,4
the+frighteners+1996,100283,3
latalante+1934,100285,5
smile+1975,100285,5
we+can+be+heroes+2005,100286,3
road+to+redemption+2001,100287,3
kids+for+cash+2014,100288,3
first+kid+1996,100288,2
casa+de+los+babys+2003,100289,4
a+turtles+tale+2+sammys+escape+from+paradise+2012,100290,3
close+encounters+of+the+third+kind+1977,100291,3
raiders+of+the+lost+ark+1981,100293,5
white+night+wedding+2008,100293,5
the+bad+seed+1956,100297,4
lord+of+war+2005,100298,3
whiplash+2014,100298,4
frailty+2001,100298,4
samurai+cop+1991,1003,3
spanish+fly+1998,1003,3
thor+2011,10030,4
scooby-doo+2002,100301,2
the+winning+season+2009,100302,3
state+fair+1933,100302,3
the+first+movie+2009,100304,2
the+shawshank+redemption+1994,100304,4
path+to+war+2002,100305,4
the+dark+knight+2008,100305,4
sneakers+1992,100308,4
bambi+1942,100308,4
harry+potter+and+the+deathly+hallows+part+1+2010,100309,5
out+of+the+blue+1980,10031,4
the+mechanic+2011,10031,4
perestroika+2009,10031,3
sixteen+candles+1984,100310,4
aladdin+1992,100310,4
harry+potter+and+the+prisoner+of+azkaban+2004,100310,3
richard+iii+1955,100310,4
terminator+2+judgment+day+1991,100312,4
ronal+the+barbarian+2011,100312,3
calvary+2014,100312,5
the+hobbit+an+unexpected+journey+2012,100313,4
rage+2014,100314,3
grand+theft+auto+1977,100315,2
matewan+1987,100316,3
the+pool+2008,100316,3
prinsessa+2010,100316,3
frankenstein+1931,10032,4
la+luna+2011,10032,5
slam+1998,10032,4
flaming+star+1960,100320,5
perfect+sense+2011,100326,4
how+to+train+your+dragon+2+2014,100326,4
the+lonely+man+1957,100329,4
tormento+1950,10033,4
ong-bak+the+thai+warrior+2003,100330,4
batman+begins+2005,100330,5
set+it+off+1996,100330,4
my+neighbor+totoro+1988,100331,4
the+amazing+spider-man+2012,100333,4
away+with+words+1999,100334,3
the+lion+king+1994,100334,4
dead+mans+shoes+2004,100334,5
away+from+her+2006,100336,3
dumbo+1941,100339,4
harry+potter+and+the+deathly+hallows+part+1+2010,100339,4
pirates+of+the+caribbean+at+worlds+end+2007,10034,3
the+hunger+games+2012,10034,4
titanic+1997,10034,4
one+hundred+and+one+dalmatians+1961,100341,3
melody+time+1948,100341,3
saps+at+sea+1940,100342,3
under+siege+1992,100343,4
two+for+the+money+2005,100343,3
the+art+of+getting+by+2011,100345,3
super+size+me+2004,100345,3
bang+rajan+2000,100347,3
suzannes+career+1963,100347,4
the+headhunters+sister+1997,100347,4
the+burglars+1971,100347,3
blast+from+the+past+1999,100347,3
i+just+didnt+do+it+2007,100347,4
lucky+number+slevin+2006,100348,5
the+liberation+of+l.b.+jones+1970,10035,5
santa+claus+1959,100350,4
ong-bak+the+thai+warrior+2003,100350,4
whiplash+2014,100356,3
children+of+paradise+1945,100356,3
heathers+1988,100357,3
a+fantastic+fear+of+everything+2012,100357,4
torrente+3+the+protector+2005,100358,2
beauty+and+the+beast+1946,100358,4
the+ceremony+1971,100359,4
ricky+gervais+out+of+england+-+the+stand-up+special+2008,100360,3
glee+the+concert+movie+2011,100362,4
aladdin+1992,100363,5
star+wars+1977,100363,5
the+kite+runner+2007,100363,5
the+third+man+1949,100363,4
troy+2004,100365,5
titanic+1997,100365,4
all+the+presidents+men+1976,100366,4
no+mans+land+1987,100366,4
sleepy+hollow+1999,100366,4
the+little+mermaid+1989,100366,4
from+up+on+poppy+hill+2011,100366,3
walled+in+2009,100367,3
raiders+of+the+lost+ark+1981,100368,4
princess+mononoke+1997,100368,4
world+without+end+1956,100369,4
quicksand+2003,10037,3
playtime+1967,100370,3
scent+of+a+woman+1992,100370,4
disco+dancer+1982,100372,3
rules+of+single+life+2011,100372,3
the+phone+box+1972,100373,4
buffalo+66+1998,100373,3
gore+vidal+the+united+states+of+amnesia+2013,100374,2
queen+of+hearts+1989,100374,4
josie+and+the+pussycats+2001,100375,2
casino+royale+2006,100376,3
breaking+the+maya+code+2008,100376,4
agnes+of+god+1985,100376,3
the+thief+of+bagdad+1940,10038,3
the+doom+generation+1995,10038,4
the+days+between+2001,100380,4
the+merry+widow+2007,100383,4
henry+v+1944,100383,4
harry+potter+and+the+deathly+hallows+part+1+2010,100385,4
no+one+dies+in+lily+dale+2011,100385,4
rembrandts+jaccuse...+2008,100385,4
ulak+2008,10039,3
little+criminals+1995,10039,3
analyze+this+1999,10039,2
the+secret+adventures+of+tom+thumb+1993,10039,3
the+grand+dukes+1996,100392,4
the+time+travelers+wife+2009,100392,3
the+good_+the+bad+and+the+ugly+1966,100392,4
countdown+to+zero+2010,100392,3
ten+inch+hero+2007,100394,4
howls+moving+castle+2004,100394,4
stranger+than+paradise+1984,100395,4
little+white+lies+2010,100396,3
the+hidden+face+2011,100396,3
the+dark+knight+2008,100399,3
our+summer+in+provence+2014,100399,1
henry+fool+1997,100400,3
the+mask+1994,100401,4
iria+zeiram+the+animation+1994,100401,5
debtocracy+2011,100402,3
the+invitation+2003,100402,4
sympathy+for+mr.+vengeance+2002,100402,4
jin-roh+the+wolf+brigade+1999,100403,4
the+snowman+1982,100407,4
inception+2010,100408,4
spirited+away+2001,100409,4
koko+a+talking+gorilla+1978,100413,4
love+actually+2003,100416,4
terminator+2+judgment+day+1991,100418,5
hannah+takes+the+stairs+2007,100419,4
my+joy+2010,10042,4
inception+2010,10042,5
shutter+island+2010,100420,4
flubber+1997,100423,3
indiana+jones+and+the+last+crusade+1989,100424,4
blonde+ambition+2007,100426,4
is+it+college+yet+2002,100427,4
mulholland+drive+2001,100428,4
21+jump+street+2012,100429,4
the+matrix+1999,10043,4
these+amazing+shadows+2011,10043,2
nothing+but+the+truth+2008,10043,4
i+am+2011,10043,3
elysium+2013,10043,3
albert+nobbs+2011,100431,4
the+crimson+pirate+1952,100433,3
gone+girl+2014,100436,3
up+2009,100436,5
the+year+my+voice+broke+1987,100436,4
infernal+affairs+ii+2003,100437,4
if+these+walls+could+talk+2+2000,100438,4
dragon+ball+z+broly+-+the+legendary+super+saiyan+1993,100440,4
gun+the+man+down+1956,100441,4
the+wolf+of+wall+street+2013,100442,4
gladiator+1992+1992,100443,4
the+empire+strikes+back+1980,100445,5
harry+potter+and+the+deathly+hallows+part+1+2010,100445,4
children+of+men+2006,100446,4
miracle+mile+1989,100446,4
life+in+flight+2008,100446,4
cheeky+2000,100446,3
interview+with+the+assassin+2002,100447,4
ingenious+2009,100448,3
heartbeats+2010,100448,3
madhouse+2004,100448,2
miracle+on+34th+street+1994,100448,3
kathleen+1941,100449,3
the+ascent+of+money+2009,100450,2
se7en+1995,100451,5
apnea+2010,100451,4
the+godfather+part+ii+1974,100451,5
the+double+2014,100456,3
radio+flyer+1992,100456,3
that+evening+sun+2009,100458,4
hear+no+evil+1993,100459,3
the+lord+of+the+rings+the+fellowship+of+the+ring+2001,10046,5
how+to+train+your+dragon+2+2014,10046,4
the+amazing+spider-man+2+2014,10046,3
the+little+mermaid+1989,10046,3
the+deadly+spawn+1983,100463,5
let+the+right+one+in+2008,100463,4
kokowaah+2011,100465,4
forbidden+1932,100465,3
cyrano+de+bergerac+1990,100466,3
off+the+black+2006,100466,4
attila+2001,100466,3
five+broken+cameras+2011,100466,5
a+far+off+place+1993,100467,5
harry+potter+and+the+deathly+hallows+part+2+2011,100467,5
mother+of+mine+2005,100467,3
raiders+of+the+lost+ark+1981,100471,5
lake+mungo+2008,100471,5
hercules+1997,100471,4
one_+two_+three+1961,100472,4
leon+the+professional+1994,100472,3
yuva+2004,100473,3
le+notti+bianche+1957,100473,4
swing+kids+1993,100473,4
beyond+the+lights+2014,100476,4
man+with+a+movie+camera+1929,100476,4
whisper+of+the+heart+1995,100477,4
rec+apocalypse+2014,100479,3
pulp+fiction+1994,100480,5
casino+royale+2006,100480,4
excision+2012,100480,4
role+models+2008,100480,3
prince+of+darkness+1987,100481,3
goofy+movies+number+one+1933,100482,4
the+court-martial+of+jackie+robinson+1990,100482,3
the+devil+and+daniel+johnston+2005,100483,3
constantine+2005,100484,4
remote+control+1930,100484,4
dead+men+dont+wear+plaid+1982,100485,2
the+revisionaries+2012,100487,3
the+land+before+time+ii+the+great+valley+adventure+1994,100488,3
the+good_+the+bad+and+the+ugly+1966,100489,4
no+man+of+her+own+1950,10049,4
shoot+the+piano+player+1960,100493,4
forever+fever+1998,100493,4
citizen+kane+1941,100495,3
dragons+forever+1988,100496,4
jerusalem+countdown+2011,100496,4
prince+of+foxes+1949,100496,4
constantine+2005,100499,3
dilwale+dulhania+le+jayenge+1995,1005,4
the+sentinel+1977,1005,3
a+time+to+kill+1996,10050,4
felony+2014,10050,3
the+judge+and+the+assassin+1976,10050,3
have+dreams_+will+travel+2007,100500,4
fathers+little+dividend+1951,100500,3
the+passion+of+darkly+noon+1995,100500,3
x-men+days+of+future+past+2014,100500,3
finding+bliss+2009,100502,4
finding+nemo+2003,100504,5
el+mariachi+1992,100506,3
devils+due+2014,100506,2
crying+freeman+1995,100506,3
harry+potter+and+the+order+of+the+phoenix+2007,100508,3
the+suitor+1962,100508,3
hillsborough+1996,100509,3
iron+man+2008,100509,5
attila+2001,100511,2
step+up+revolution+2012,100513,2
raiders+of+the+lost+ark+1981,100513,4
jim+jefferies+fully+functional+2012,100513,3
who+is+harry+kellerman+and+why+is+he+saying+those+terrible+things+about+me+1971,100514,4
lamour+fou+2010,100516,4
avatar+2009,100516,5
the+last+metro+1980,100517,4
saving+private+ryan+1998,100517,4
the+lord+of+the+rings+the+two+towers+2002,100518,5
a+day+without+a+mexican+2004,100519,3
le+doulos+1963,100519,4
beetlejuice+1988,100522,3
now+and+forever+1934,100522,4
unfaithful+2002,100523,3
mark+strikes+again+1976,100525,3
marvel+one-shot+item+47+2012,10053,3
advertising+and+the+end+of+the+world+1998,100536,3
the+city+of+lost+children+1995,100537,4
seven+samurai+1954,100537,5
bad+company+2002,100537,3
open+range+2003,100539,3
the+lord+of+the+rings+the+fellowship+of+the+ring+2001,10054,4
all+these+women+1964,10054,3
silent+rage+1982,10054,3
kill+bill+vol.+1+2003,100542,4
the+cold+light+of+day+1996,100544,4
cheap+thrills+2013,100544,4
sweet+and+lowdown+1999,100544,4
high+heels+and+low+lifes+2001,100545,4
the+invisible+frame+2009,100547,3
close+encounters+of+the+third+kind+1977,100548,4
rude+boy+1980,100548,4
stonehearst+asylum+2014,100548,4
geris+game+1997,10055,5
life+and+nothing+but+1989,10055,5
dr.+no+1962,100552,4
hot+tub+time+machine+2010,100552,4
levitated+mass+2013,100557,3
the+hobbit+an+unexpected+journey+2012,100558,3
ratatouille+2007,100559,4
hoodlum+1997,100559,3
beware+of+pity+1946,100560,4
the+seafarers+1953,100560,5
indiana+jones+and+the+temple+of+doom+1984,100561,5
somewhere+between+2012,100562,3
the+imitation+game+2014,100564,4
tristana+1970,100565,2
spider-man+2+2004,100565,3
the+maze+runner+2014,100566,3
always+for+pleasure+1978,100566,4
whistling+in+brooklyn+1943,100567,4
up+2009,100567,4
big+pun+the+legacy+2009,100568,4
the+shrink+is+in+2001,100569,4
the+object+of+my+affection+1998,100569,3
paperman+2012,100570,4
the+profit+2001,100571,3
castle+in+the+sky+1986,100573,4
fx+1986,100578,3
raiders+of+the+lost+ark+1981,10058,3
inception+2010,100581,5
a+message+from+akira+kurosawa+for+beautiful+movies+2000,100581,4
torpedo+bombers+1983,100583,3
role+models+2008,100583,3
walle+2008,100583,4
the+keeper+of+lost+causes+2013,100588,3
mother+knows+best+1997,100588,3
interstellar+2014,100588,3
spirited+away+2001,100589,5
the+dark+knight+rises+2012,100590,4
a+summers+tale+1996,100591,3
lagaan+once+upon+a+time+in+india+2001,100592,3
van+helsing+2004,100595,5
girls+just+want+to+have+fun+1985,100597,3
the+shawshank+redemption+1994,100597,5
grand+hotel+1932,100598,5
the+lord+of+the+rings+the+return+of+the+king+2003,1006,5
kate++leopold+2001,10060,4
never+say+never+again+1983,100600,4
ice+age+dawn+of+the+dinosaurs+2009,100601,2
i+remember+2005,100601,3
the+cameraman+1928,100601,4
my+neighbor+totoro+1988,100603,4
pink+floyd+the+wall+1982,100603,4
toy+story+1995,100603,3
thor+the+dark+world+2013,100603,4
evilenko+2004,100605,4
hey+happy+2001,100605,3
the+lion+king+2+simbas+pride+1998,100605,3
anything+for+her+2008,100607,4
mad+max+beyond+thunderdome+1985,100607,3
10+rillington+place+1971,100608,5
the+art+of+flight+2011,10061,4
otis+2008,10061,3
thats+entertainment+iii+1994,10061,3
inglourious+basterds+2009,10061,4
happiness+never+comes+alone+2012,100613,4
fight+club+1999,100614,5
terminator+salvation+2009,100615,3
predator+1987,100615,3
the+place+beyond+the+pines+2013,100619,3
the+hidden+fortress+1958,10062,5
one+to+another+2006,100622,4
the+age+of+the+earth+1980,100622,3
sabotage+2014,100623,2
the+grand+seduction+2014,100624,3
gold+2013,100624,4
goal+the+dream+begins+2005,100626,4
the+clairvoyant+1934,100626,4
corn+island+2014,100627,3
the+hard+way+1943,100627,4
la+femme+nikita+1990,100627,4
when+brendan+met+trudy+2000,100627,4
harry+potter+and+the+philosophers+stone+2001,100629,4
elevator+2011,100629,3
side+by+side+2012,10063,4
bellissima+1951,100630,4
aankhen+2002,100630,5
detention+2003,100630,4
iron+man+2+2010,100630,4
finding+nemo+2003,100633,5
el+nio+2014,100634,4
the+godfather+1972,100635,5
il+sorpasso+1962,100635,4
the+popes+toilet+2007,100635,2
havukka-ahon+ajattelija+2010,100636,4
doing+time+on+maple+drive+1992,100636,5
real+life+1979,100636,4
the+story+of+maths+2008,100637,4
harry+potter+and+the+order+of+the+phoenix+2007,100638,4
daughters+of+darkness+1971,100638,3
fist+of+jesus+2012,100638,3
seventh+son+2014,100639,3
the+getaway+1972,10064,4
the+ax+2005,10064,4
the+merry+gentleman+2008,10064,4
inception+2010,100640,4
whiplash+2014,100643,4
rear+window+1954,100644,4
aurora+borealis+2005,100644,4
good+morning+miss+dove+1955,100645,4
to+be+or+not+to+be+1983,100645,3
were+the+world+mine+2008,100648,4
shock+1946,100648,4
tis+kakomoiras+1963,100648,4
se7en+1995,100650,4
fly+me+to+the+moon+2012,100650,4
pulp+fiction+1994,100650,5
our+man+in+havana+1959,100652,3
gone+girl+2014,100652,4
spider-man+3+2007,100653,4
love++other+drugs+2010,100653,4
the+ghost+goes+west+1935,100656,2
romeo+is+bleeding+1993,100657,4
coraline+2009,100659,3
north+west+mounted+police+1940,100659,1
nightcrawler+2014,10066,4
the+shawshank+redemption+1994,10066,4
from+russia+with+love+1963,100660,4
saturday+night+and+sunday+morning+1960,100661,4
bigger+than+life+1956,100662,4
dial+m+for+murder+1954,100662,4
ponyo+2008,100664,4
any+day+now+2012,100664,4
the+last+dive+1992,100666,2
the+ghost+and+mrs.+muir+1947,100666,4
cyrano+de+bergerac+1990,100666,3
phoenix+2014,100667,3
home+movie+2001,100667,4
the+green+mile+1999,100667,4
ferris+buellers+day+off+1986,100668,4
harry+potter+and+the+deathly+hallows+part+2+2011,100668,3
apollo+13+1995,100669,4
dumb+and+dumber+1994,10067,4
firefox+1982,10067,3
citizen+kane+1941,100672,3
a+summer+in+la+goulette+1996,100672,3
dragonworld+1994,100672,3
it+follows+2015,100673,5
it+lives+again+1978,100675,4
the+matrix+1999,100675,4
finding+nemo+2003,100677,4
the+wolf+of+wall+street+2013,100678,4
papadopoulos++sons+2012,100679,5
the+imitation+game+2014,100680,5
the+four+days+of+naples+1962,100680,4
apollo+13+1995,100680,4
dawn+of+the+planet+of+the+apes+2014,100683,4
floating+1999,100688,3
donnie+brasco+1997,100689,5
the+forty-first+1956,100689,3
the+matrix+1999,100689,4
2-headed+shark+attack+2012,100689,3
the+hunger+games+mockingjay+-+part+1+2014,10069,3
when+the+game+stands+tall+2014,100690,3
guns+of+the+magnificent+seven+1969,100690,4
my+neighbor+totoro+1988,100690,4
in+darkness+2011,100697,3
bruce+almighty+2003,100697,2
7+boxes+2012,100697,3
vincent+1982,100697,3
the+station+agent+2003,100697,3
vesna+goes+fast+1996,100698,3
jasminum+2006,100698,5
the+girl+with+the+dragon+tattoo+2009,100698,4
lilya+4-ever+2002,100698,5
living+death+2006,100699,5
if+i+had+a+million+1932,100699,4
interstellar+2014,100699,4
dead+fury+2008,100699,5
frank+2014,10070,4
the+trap+what+happened+to+our+dream+of+freedom+2007,10070,4
the+shawshank+redemption+1994,100702,4
of+gods+and+men+2010,100703,4
monty+python+and+the+holy+grail+1975,100704,4
wreck-it+ralph+2012,100704,4
the+visitor+2007,100705,5
ghostbusters+1984,100708,4
man+of+iron+1981,100708,5
dick+1999,100710,3
laurel+canyon+2002,100711,3
the+year+my+voice+broke+1987,100711,3
the+field+1990,100711,3
spellbound+2002,100713,4
the+lord+of+the+rings+the+return+of+the+king+2003,100714,5
battle+royale+2000,100714,3
wedding+daze+2006,100714,3
conquest+of+space+1955,100714,2
your+life+in+65+minutes+2006,100717,2
prelude+to+a+kiss+1992,100718,2
going+to+pieces+the+rise+and+fall+of+the+slasher+film+2006,100719,4
assault+on+wall+street+2013,100721,3
from+dusk+till+dawn+1996,100723,3
toy+story+1995,100724,3
388+arletta+avenue+2011,100725,3
bloodsucking+pharaohs+in+pittsburgh+1991,100725,4
the+longest+day+1962,100727,5
corrina_+corrina+1994,100734,4
its+a+bird+1930,100735,4
the+cat+and+the+canary+1927,100735,5
lust_+caution+2007,100736,4
the+lion+king+1994,100736,5
airborne+1993,100738,2
only+the+young+2012,100738,4
three+on+a+couch+1966,10074,3
heartless+2009,100742,3
over+the+hedge+2006,100742,4
how+much+do+you+love+me+2005,100743,3
my+neighbor+totoro+1988,100744,4
le+grand+soir+2012,100746,4
the+hoax+2006,100747,4
vampire+hunter+d+1985,100750,4
buena+vista+social+club+1999,100751,4
galaxy+quest+1999,100755,5
white+bird+in+a+blizzard+2014,100757,2
maria+bamford+the+special+special+special+2012,100757,3
after+alice+1999,100757,3
the+pawnbroker+1965,100759,4
fight+club+1999,100759,3
a+friend+is+a+treasure+1981,100759,3
spirited+away+2001,100759,5
leaves+of+grass+2009,100760,3
despicable+me+2010,100761,4
hand+of+death+1976,100763,4
jim+jefferies+fully+functional+2012,100763,3
independence+2010,100763,3
the+lord+of+the+rings+the+fellowship+of+the+ring+2001,100764,5
the+hunger+games+mockingjay+-+part+1+2014,100764,4
night+of+the+comet+1984,100764,3
theres+something+about+mary+1998,100764,4
the+good_+the+bad+and+the+ugly+1966,100768,5
st+trinians+2+the+legend+of+frittons+gold+2009,10077,4
strangers+when+we+meet+1960,10077,4
copenhagen+2014,100771,3
constantine+2005,100776,3
howls+moving+castle+2004,100779,5
love+and+death+1975,100783,5
basara+princess+goh+1992,100783,4
the+cat+returns+2002,100784,4
family+business+1989,100784,4
awaara+1951,100784,3
sling+blade+1996,100785,5
brotherhood+of+death+1976,100786,4
cypher+2002,100786,5
disfigured+2008,100788,3
the+lord+of+the+rings+the+two+towers+2002,100791,5
interstellar+2014,100793,4
the+avengers+2012,100793,4
big+hero+6+2014,100794,4
alice+in+wonderland+1951,100794,4
the+devil+wears+prada+2006,100795,3
young+and+innocent+1937,100798,5
up+2009,100798,5
my+joy+2010,1008,4
a+bugs+life+1998,100801,4
star+wars+1977,100801,4
forbidden+planet+1956,100801,5
pulp+fiction+1994,100802,5
it+felt+like+a+kiss+2009,100802,3
sixteen+candles+1984,100802,4
grass+1999,100803,4
dragon+day+2013,100804,4
the+mask+1994,100806,5
my+neighbor+totoro+1988,100806,4
all+the+real+girls+2003,100806,3
my+cousin+rachel+1952,100807,3
the+devil+1972,100807,2
kevin+smith+burn+in+hell+2012,100809,4
garlic+is+as+good+as+ten+mothers+1980,10081,3
x-men+days+of+future+past+2014,100810,3
la+dolce+vita+1960,100811,4
lady+and+the+tramp+1955,100811,3
50+first+dates+2004,100814,4
smoke+1995,100815,3
golden+christmas+2+2011,100815,3
china+blue+2005,100816,4
ladies+of+leisure+1930,100816,2
battle+in+outer+space+1959,10082,4
flowers+of+shanghai+1998,100820,4
novena+2005,100821,3
the+devil+wears+prada+2006,100821,4
sense+and+sensibility+1995,100825,3
the+devils+playground+1976,100825,4
the+substance+albert+hofmanns+lsd+2011,100825,3
akira+1988,100825,4
the+cats-paw+1934,100826,4
the+trials+of+darryl+hunt+2007,100826,4
the+shawshank+redemption+1994,100830,5
lady+in+cement+1968,100830,3
germinal+1993,100830,4
shelter+2007,100832,5
scarface+1983,100832,4
lilith+1964,100832,3
umberto+d.+1952,100833,4
master+and+commander+the+far+side+of+the+world+2003,100833,4
sweet+smell+of+success+1957,100833,4
the+man+who+played+god+1932,10084,4
the+physician+2013,10084,3
frozen+2013,100840,4
beetlejuice+1988,100841,3
iron+man+2008,100843,4
all+the+mornings+of+the+world+1991,100843,5
a+cab+for+three+2001,100844,4
harry+potter+and+the+chamber+of+secrets+2002,100844,4
spring+fever+1927,100844,4
bekas+2012,100844,3
indiana+jones+and+the+temple+of+doom+1984,100844,4
sushi+girl+2012,100844,4
scarface+1983,100849,3
stand+by+me+doraemon+2014,100849,4
greasers+palace+1972,10085,3
my+man+godfrey+1957,10085,3
encounters+at+the+end+of+the+world+2007,100854,3
the+day+the+earth+stood+still+1951,100854,3
alice+in+wonderland+1951,100856,4
the+princess+and+the+frog+2009,100856,5
the+hobbit+the+battle+of+the+five+armies+2014,10086,3
the+witches+1966,100860,4
clara+and+me+2004,100862,3
that+championship+season+1982,100862,3
the+dark+knight+2008,100862,4
the+hobbit+the+desolation+of+smaug+2013,100866,4
the+saragossa+manuscript+1965,100869,4
harry+potter+and+the+deathly+hallows+part+2+2011,100872,4
alien+1979,100874,4
the+bourne+identity+2002,100876,3
stretch+2014,100880,4
iraq+for+sale+the+war+profiteers+2006,100883,4
smiley+face+2007,100883,2
knife+in+the+water+1962,100883,3
the+hurricane+1999,100884,3
the+fifth+element+1997,100885,4
sometimes+they+come+back+1991,100885,3
big+hero+6+2014,100885,4
the+last+rites+of+joe+may+2011,100886,4
aliens+1986,100887,3
despicable+me+2+2013,100887,5
the+year+of+the+hare+1977,100888,4
the+hobbit+an+unexpected+journey+2012,100889,3
first+blood+1982,100889,4
hit+man+1972,100890,2
like+father_+like+son+2013,100890,4
luster+2010,100891,4
harry+potter+and+the+prisoner+of+azkaban+2004,100891,5
the+eddy+duchin+story+1956,100893,3
anne+of+green+gables+1934,100895,3
our+vinyl+weighs+a+ton+this+is+stones+throw+records+2013,100899,3
the+devil+wears+prada+2006,1009,3
talladega+nights+the+ballad+of+ricky+bobby+2006,1009,3
dolphin+tale+2+2014,10090,3
star+wars+episode+iii+-+revenge+of+the+sith+2005,100901,4
stunt+squad+1977,100902,4
the+sugarland+express+1974,100903,4
the+silent+partner+1978,100903,4
duck_+you+sucker+1971,100903,4
wer+2013,100904,4
tin+men+1987,100909,4
the+good+life+2007,10091,4
close+encounters+of+the+third+kind+1977,100910,4
the+day+after+trinity+1981,100910,4
the+amazing+spider-man+2012,100912,4
the+ballad+of+ramblin+jack+2000,100912,4
love+is+a+many-splendored+thing+1955,100912,3
all+this_+and+heaven+too+1940,100913,4
ratatouille+2007,100913,3
harry+potter+and+the+deathly+hallows+part+2+2011,100914,5
watchmen+2009,100915,3
the+fifth+element+1997,100915,4
the+wizard+of+oz+1925,100916,4
trek+nation+2011,100917,3
crime+of+passion+1957,100917,3
whisper+of+the+heart+1995,100917,4
come+back+to+the+5++dime_+jimmy+dean_+jimmy+dean+1982,10092,2
the+gore+gore+girls+1972,10092,2
desire+2011,100920,3
airplane+1980,100921,2
master+and+commander+the+far+side+of+the+world+2003,100922,4
the+loveless+1981,100925,4
the+thick-walled+room+1956,100926,3
its+a+wonderful+afterlife+2010,100926,4
west+beyrouth+1998,100926,4
heathers+1988,100927,5
the+harder+they+fall+1956,100927,4
swing+kids+1993,10093,4
princess+orourke+1943,10093,4
sweepers+1999,100930,3
the+flower+of+my+secret+1995,100931,4
the+shawshank+redemption+1994,100932,4
fall+of+the+republic+the+presidency+of+barack+h.+obama+2009,100933,5
gladiator+2000,100933,5
let+it+ride+1989,100934,4
quills+2000,100935,4
bloody+pit+of+horror+1965,100936,5
bill+hicks+relentless+1992,100936,4
le+samoura+1967,100938,3
indiana+jones+and+the+temple+of+doom+1984,100939,4
snow+white+and+the+seven+dwarfs+1937,10094,5
sabata+1969,100940,4
great+expectations+1946,100940,4
ballplayer+2012,100941,3
evelyn+2002,100941,4
the+cat+returns+2002,100941,4
cold+around+the+heart+1997,100941,3
creature+from+black+lake+1976,100942,3
the+lone+wolf+spy+hunt+1939,100942,3
dr.+jekyll+and+mr.+hyde+1941,100943,4
snowpiercer+2013,100944,4
the+lion+king+1+2004,100945,4
collision+earth+2011,100945,3
dances+with+wolves+1990,100949,3
under+the+skin+1997,100952,4
the+day+the+earth+stood+still+1951,100953,5
inception+2010,100954,4
why+not+1981,100954,4
u.s.+marshals+1998,10096,3
the+importance+of+tying+your+own+shoes+2011,100960,3
all+the+kings+men+2006,100967,3
the+house+of+the+devil+2009,10097,3
let+the+fire+burn+2013,10097,3
lassie+2005,100971,4
casino+royale+2006,100972,4
i+am+a+fugitive+from+a+chain+gang+1932,100972,4
when+a+woman+ascends+the+stairs+1960,100975,4
hombre+1967,100975,4
pulp+fiction+1994,100975,5
dial+m+for+murder+1954,100976,4
off+the+menu+the+last+days+of+chasens+1998,100977,4
casino+royale+2006,100977,3
the+rewrite+2014,100979,4
lullaby+2014,100979,4
marley+2012,100979,4
toy+story+3+2010,100979,4
picnic+at+hanging+rock+1975,100981,4
penguins+of+madagascar+2014,100981,3
the+big+heat+1953,100982,4
not+easily+broken+2009,100982,3
harry+potter+and+the+prisoner+of+azkaban+2004,100982,3
spirited+away+2001,100982,4
after+porn+ends+2012,100983,3
a+pain+in+the+ass+2008,100985,4
from+up+on+poppy+hill+2011,100987,4
geronimo+an+american+legend+1993,100988,3
adaptation.+2002,100989,4
jesus+camp+2006,100989,5
how+to+train+your+dragon+2+2014,100989,4
inglourious+basterds+2009,100989,5
arthur+1981,100989,3
addicted+to+love+1997,100989,3
fight+club+1999,100990,5
vhs+2012,100990,3
harry+potter+and+the+prisoner+of+azkaban+2004,100990,4
the+memory+of+a+killer+2003,100992,4
all+the+presidents+men+1976,100992,5
the+craigslist+killer+2011,100993,3
sunset+boulevard+1950,100995,4
beetlejuice+1988,100996,4
ponyo+2008,101,4
babel+2006,101,5
pirates+of+the+caribbean+the+curse+of+the+black+pearl+2003,1010,3
godzilla+vs.+gigan+1972,1010,3
it+follows+2015,1010,3
10+things+i+hate+about+you+1999,10100,3
leaves+from+satans+book+1920,101001,4
back+to+the+future+1985,101001,4
scarface+1983,101003,5
above+suspicion+1995,101004,3
mozart+and+the+whale+2005,101004,3
the+four+days+of+naples+1962,101004,4
to+be+or+not+to+be+1942,101006,4
the+maze+runner+2014,101007,3
airplane+1980,101007,5
harry+potter+and+the+half-blood+prince+2009,101007,4
henry+iv+part+2+1979,101010,4
the+lords+of+salem+2012,101010,5
that+obscure+object+of+desire+1977,101010,5
the+single+moms+club+2014,101010,4
the+aristocats+1970,101011,4
the+skin+i+live+in+2011,101013,4
elevator+2011,101013,3
elf+2003,101014,3
the+lord+of+the+rings+the+return+of+the+king+2003,101014,3
the+naked+city+1948,101014,4
harry+potter+and+the+deathly+hallows+part+1+2010,101016,4
the+pirate+bay+away+from+keyboard+2013,101016,4
valerie+and+her+week+of+wonders+1970,101018,4
raiders+of+the+lost+ark+1981,101019,4
from+russia+with+love+1963,101019,4
the+inglorious+bastards+1978,101019,4
poor+white+trash+2000,10102,4
you+will+be+my+son+2011,101020,3
harry+potter+and+the+goblet+of+fire+2005,101020,4
adam+and+dog+2013,101021,4
the+secret+world+of+arrietty+2010,101021,4
thanks+for+sharing+2012,101021,3
a+tale+of+winter+1992,101021,4
let+it+be+1970,101021,4
run+if+you+can+2010,101021,3
the+ballad+of+cable+hogue+1970,101023,4
raiders+of+the+lost+ark+1981,101024,4
roman+polanski+wanted+and+desired+2008,101025,5
the+lord+of+the+rings+the+return+of+the+king+2003,101029,5
leon+the+professional+1994,101029,4
pirates+of+the+caribbean+the+curse+of+the+black+pearl+2003,101029,4
wagners+dream+2012,10103,3
late+spring+1949,101030,4
rope+1948,101030,3
galaxy+quest+1999,101033,4
camp+de+thiaroye+1988,101036,3
a+short+film+about+love+1988,101036,4
dark+and+stormy+night+2009,101036,4
devils+diary+2007,101039,3
efectos+secundarios+2006,101039,3
accattone+1961,101039,4
harry+potter+and+the+deathly+hallows+part+2+2011,101039,4
the+devils+playground+1976,101039,3
operation+y+and+other+shuriks+adventures+1965,10104,3
navy+blues+1929,10104,3
monster+in+a+box+1992,101041,3
partly+cloudy+2009,101041,4
the+lion+king+1994,101041,4
star+wars+1977,101042,4
ice+age+2002,101044,4
road+to+singapore+1940,101044,2
true+lies+1994,101044,4
eddie+izzard+glorious+1997,101045,5
dragon+ball+z+broly+-+the+legendary+super+saiyan+1993,101046,3
the+amazing+spider-man+2+2014,101047,3
the+rutles+all+you+need+is+cash+1978,101047,4
raiders+of+the+lost+ark+1981,101047,4
inception+2010,101049,4
the+lion+king+1994,101049,4
emma+1996,101049,4
dinner+at+eight+1933,10105,2
buddies+2012,10105,4
harold++kumar+go+to+white+castle+2004,101050,2
the+man+who+knew+too+much+1956,101050,3
maurice+1987,101054,4
i+am+the+law+1938,101055,4
avatar+2009,101056,4
snitch+2013,101057,2
casino+royale+2006,101057,3
lackawanna+blues+2005,101057,3
wz+2007,101057,2
pink+floyd+the+wall+1982,101058,3
deep+blue+sea+1999,101062,3
dirty+movie+2011,101063,3
il+mare+2000,101063,4
a+new+leaf+1971,101063,3
harry+potter+and+the+order+of+the+phoenix+2007,101064,3
the+bridge+1959,101064,4
the+man+in+possession+1931,101065,3
seven+days+2010,101065,4
guadalcanal+diary+1943,101065,3
juno+2007,101067,4
predator+1987,101068,4
tommy+boy+1995,101068,4
my+neighbor+totoro+1988,10107,4
separate+tables+1958,101071,3
the+northerners+1992,101073,4
beauty+and+the+beast+1991,101075,4
murder++la+mod+1968,101075,3
dr.+jack+1922,101076,5
a+womans+tale+1991,10108,4
city+slickers+1991,101082,3
unbeatable+2013,101085,4
the+lord+of+the+rings+the+fellowship+of+the+ring+2001,101086,3
down+terrace+2009,101086,3
anchors+aweigh+1945,101086,3
monty+python+and+the+holy+grail+1975,101088,4
bloody+bloody+bible+camp+2012,101088,4
garden+party+2008,101088,4
the+woman+in+white+1948,101089,3
red+sorghum+1987,101089,4
psycho+1960,101091,4
onnenpeli+1965,101091,3
brighton+beach+memoirs+1986,101091,4
spider-man+3+2007,101095,4
roman+holiday+1953,101097,4
the+wild+life+1984,101097,4
i_+robot+2004,101099,3
numro+deux+1975,101099,3
breaking+the+maya+code+2008,101099,2
drole+de+drame+1937,101099,3
batman+begins+2005,1011,5
the+cat+returns+2002,1011,3
citizen+kane+1941,1011,4
moliere+2007,10110,4
the+world+according+to+sesame+street+2006,101100,3
its+all+gone+pete+tong+2004,101101,4
werner+-+volles+roo+1999,101101,4
big+hero+6+2014,101103,4
judgment+night+1993,101104,3
x-men+days+of+future+past+2014,101105,4
ong-bak+the+thai+warrior+2003,101105,4
strawberry+and+chocolate+1993,101106,4
love++savagery+2009,101106,4
saving+private+ryan+1998,101106,3
20_000+leagues+under+the+sea+1997,101106,3
the+lion+king+2+simbas+pride+1998,101106,4
caterina+in+the+big+city+2003,101106,4
star+wars+1977,101107,4
troy+2004,101107,5
baby+on+board+1992,101108,3
the+amazing+spider-man+2012,10111,3
hud+1963,101110,5
6+desires+2014,101116,4
pulp+fiction+1994,101116,4
samurai+rebellion+1967,101116,4
stealing+beauty+1996,101116,4
ballet+shoes+2008,101116,4
apollo+13+1995,101119,4
kiss+me+deadly+1955,101120,3
brewsters+millions+1985,101120,3
homegrown+1998,101120,3
batman+begins+2005,101121,5
absolute+beginners+1986,101121,3
my+science+project+1985,101121,4
frances+ha+2013,101122,5
gerhard+richter+painting+2012,101124,4
how+to+train+your+dragon+2+2014,101126,4
pather+panchali+1955,101126,5
the+adventures+of+sherlock+holmes+1939,101130,4
walking_+walking+1983,101134,3
support+your+local+sheriff+1969,101135,3
indie+game+the+movie+2012,101135,3
2010+moby+dick+2010,101136,3
another+stakeout+1993,101139,2
the+five+venoms+1978,101139,4
rushmore+1998,101139,3
children+of+heaven+1997,10114,4
the+hobbit+the+desolation+of+smaug+2013,101142,3
dead+genesis+2010,101145,4
babylon+5+in+the+beginning+1998,10115,3
the+imitation+game+2014,101154,4
dawn+of+the+planet+of+the+apes+2014,101154,4
one+husband+too+many+2010,101155,3
rififi+1955,101156,4
naturally+native+1999,10116,3
walle+2008,10116,4
schlussmacher+2013,101160,4
find+me+guilty+2006,101161,3
crouching+tiger_+hidden+dragon+2000,101161,4
zabriskie+point+1970,101163,5
the+china+lake+murders+1990,101164,3
the+life+of+oharu+1952,101164,4
ultramarines+a+warhammer+40_000+movie+2010,101166,3
my+neighbor+totoro+1988,101167,4
corpse+bride+2005,101168,3
finding+nemo+2003,101169,4
fight+club+1999,10117,5
star+wars+1977,10117,4
swingers+1996,101170,5
munger+road+2011,101170,5
witchfinder+general+1968,101170,5
man-thing+2005,101172,3
u2+3d+2007,101172,2
the+36th+chamber+of+shaolin+1978,101172,3
gold+raiders+1951,101172,4
tom+and+jerry+a+nutcracker+tale+2007,101173,3
the+crucified+lovers+1954,101174,4
laventure+cest+laventure+1972,101175,2
the+lion+king+1+2004,101176,3
in+the+park+1915,101177,4
ghostbusters+1984,101178,3
the+debt+2007,101178,3
varning+fr+jnssonligan+1981,101178,3
children+of+men+2006,101178,4
nacho+libre+2006,101179,3
iron+man+2008,101179,4
of+freaks+and+men+1998,10118,3
coast+of+death+2013,10118,2
i+smile+back+2015,101180,3
picnic+at+hanging+rock+1975,101181,4
harry+potter+and+the+deathly+hallows+part+2+2011,101182,4
the+third+half+2012,101183,4
the+virgin+suicides+1999,101183,3
batman+begins+2005,101186,5
mike+birbiglia+what+i+should+have+said+was+nothing+2008,101188,3
on+dangerous+ground+1951,101190,3
all+that+heaven+allows+1955,101190,5
a+pure+formality+1994,101190,4
ice+station+zebra+1968,101191,4
maleficent+2014,101193,3
the+sisterhood+of+the+traveling+pants+2005,101193,4
the+lucky+one+2012,101200,4
my+life+1993,101200,4
carlos+2010,101202,4
hercules+1997,101202,3
a+chinese+ghost+story+1987,101204,4
gunfighters+moon+1997,101204,3
cold+fish+2010,101205,3
bennys+video+1993,101207,3
gigantic+a+tale+of+two+johns+2002,101207,4
the+target+shoots+first+2000,101209,3
the+vikings+1958,10121,4
alice+in+wonderland+1951,10121,5
breakdown+1997,10121,3
close+encounters+of+the+third+kind+1977,10121,4
american+dream+1990,101213,3
unbeatable+2013,101219,4
kevin+nealon+now+hear+me+out+2009,101221,3
the+lord+of+the+rings+the+fellowship+of+the+ring+2001,101223,5
snow+white+and+the+seven+dwarfs+1937,101225,3
the+ten+commandments+1923,101226,4
chouga+2007,101226,3
the+purge+anarchy+2014,101229,3
star+wars+1977,10123,5
die+hard+1988,10123,5
the+lord+of+the+rings+the+two+towers+2002,10123,4
attack+the+gas+station+1999,101231,3
happiness+never+comes+alone+2012,101231,4
dark+and+stormy+night+2009,101232,4
a+man+escaped+1956,101232,5
saving+mr.+banks+2013,101233,5
leaves+of+grass+2009,101234,3
the+fifth+element+1997,101235,3
the+great+debaters+2007,10124,4
gattaca+1997,10124,5
newcastle+2008,101240,5
the+hucksters+1947,101240,4
les+misrables+1934,101240,4
indiana+jones+and+the+temple+of+doom+1984,101240,3
the+paleface+1922,101244,5
the+spongebob+movie+sponge+out+of+water+2015,101245,3
say+anything...+1989,101246,5
ferngully+2+the+magical+rescue+1998,101247,2
a+fever+in+the+blood+1961,101252,4
frequency+2000,101255,3
the+life+aquatic+with+steve+zissou+2004,101256,4
rurouni+kenshin+2012,101256,4
white+material+2010,101257,4
visions+of+light+1992,101258,4
operation+petticoat+1959,101259,4
pirates+of+the+caribbean+the+curse+of+the+black+pearl+2003,101259,4
the+miracle+of+bern+2003,101260,4
the+tragedy+of+macbeth+1971,101262,4
body+of+lies+2008,101263,4
perfect+stranger+2007,101263,4
the+wall+2012,101264,4
dangerous+liaisons+1988,101264,3
pirates+of+the+caribbean+the+curse+of+the+black+pearl+2003,101265,4
harry+potter+and+the+deathly+hallows+part+2+2011,101266,4
dances+with+wolves+1990,101266,4
e.t.+the+extra-terrestrial+1982,101267,4
oneway-ticket+to+korsr+2008,101267,4
avatar+2009,101268,4
harry+potter+and+the+deathly+hallows+part+2+2011,101268,3
downfall+2004,101268,4
breathing+fire+1991,101271,3
oslo_+august+31st+2011,101271,4
chicken+run+2000,101272,3
cooking+up+dreams+2009,101277,3
maratsade+1967,101277,4
the+driver+1978,10128,4
the+nutcracker+1993,10128,2
constantine+2005,101280,3
beauty+is+embarrassing+2012,101282,3
tukkijoella+1928,101287,3
the+fighting+seabees+1944,101293,4
live+nude+girls+1995,101294,4
close+encounters+of+the+third+kind+1977,101295,4
bad+johnson+2014,101295,4
i+even+met+happy+gypsies+1967,101296,4
a+man+for+all+seasons+1966,101297,5
vivre+sa+vie+1962,101297,4
addams+family+values+1993,101297,4
all+about+the+benjamins+2002,101297,4
the+girl+who+leapt+through+time+2006,101299,4
up+2009,101299,5
hairspray+2007,101299,4
harry+potter+and+the+order+of+the+phoenix+2007,10130,3
star+wars+1977,101303,4
little+big+soldier+2010,101303,3
close+encounters+of+the+third+kind+1977,101303,4
the+late+show+1977,101304,4
johnny+dangerously+1984,101305,3
bandslam+2009,101306,4
interstellar+2014,101310,5
a+tale+of+two+sisters+2003,101311,3
the+spongebob+movie+sponge+out+of+water+2015,101313,3
luna+papa+1999,101313,4
see+you+in+hell_+my+darling+1999,101316,4
dragon+the+bruce+lee+story+1993,101316,4
the+lord+of+the+rings+the+two+towers+2002,101316,5
doctor+who+the+time+of+the+doctor+2013,101316,4
an+education+2009,101319,4
the+cabinet+of+caligari+1962,101320,3
car+54_+where+are+you+1994,101321,3
akira+1988,101322,4
pushing+tin+1999,101323,3
bambi+1942,101325,4
beautiful+2009,101325,3
guinevere+1999,101325,3
10_000+km+2014,101325,3
toy+story+1995,101325,4
the+wings+of+eagles+1957,101326,4
casino+royale+2006,101327,3
maybe...+maybe+not+1994,101327,2
breach+2007,101328,5
harry+potter+and+the+philosophers+stone+2001,101329,5
moonshot_+the+flight+of+apollo+11+2009,10133,4
monkeys+teeth+1960,10133,3
in+her+skin+2009,10133,3
downstairs+1932,101330,4
constantine+2005,101330,3
diary+of+a+shinjuku+thief+1969,101330,4
map+of+the+human+heart+1993,101331,4
capricious+summer+1968,101335,4
jerry+maguire+1996,101335,2
stars+above+2012,101335,3
se7en+1995,101338,5
the+hobbit+the+desolation+of+smaug+2013,10134,4
turkish+passion+1994,10134,4
district+9+2009,10134,4
the+alamo+2004,101346,3
dangerous+liaisons+1988,101346,4
shrek+2001,101346,4
grease+1978,101346,3
kikis+delivery+service+1989,101347,4
forbidden+planet+1956,101347,5
dumb+and+dumber+1994,101348,4
haider+2014,101353,2
hard+rain+1998,101353,3
the+mind+reader+1933,101353,4
flaming+creatures+1963,101354,3
mr.+brooks+2007,101354,3
shrek+2+2004,101358,3
horror+express+1972,10136,3
a+fish+called+wanda+1988,10136,4
the+fountain+2006,101363,4
the+young+girls+of+rochefort+1967,101363,4
toy+story+3+2010,101363,5
the+super+cops+1974,101363,4
goodfellas+1990,101364,3
harry+potter+and+the+half-blood+prince+2009,101364,4
a+close+shave+1995,101365,3
the+lodger+a+story+of+the+london+fog+1927,101366,3
bhaji+on+the+beach+1994,101366,3
meetin+wa+1986,101366,2
pulp+fiction+1994,101367,5
ragamuffin+2014,101367,3
howls+moving+castle+2004,101368,5
big+jake+1971,101368,5
fight+club+1999,101370,5
turn+me+on_+dammit+2011,101373,5
the+old+gun+1975,101373,3
batman+begins+2005,101373,5
the+winter+of+discontent+2013,101375,5
the+naughty+room+2012,101379,3
mortal+thoughts+1991,10138,3
west+of+memphis+2012,10138,4
close+encounters+of+the+third+kind+1977,101382,4
the+shawshank+redemption+1994,101382,4
charlie+st.+cloud+2010,101387,4
command+performance+2009,101387,5
soundtracker+2010,101387,4
the+little+mermaid+1989,101388,4
iron+man+2008,101388,3
fried+green+tomatoes+1991,101389,3
journey+from+the+fall+2006,10139,3
wrestling+with+alligators+1998,101390,3
cube+1997,101390,4
a+christmas+carol+1984,101390,4
spider-man+2002,101391,4
the+most+dangerous+man+in+america+daniel+ellsberg+and+the+pentagon+papers+2009,101391,5
shutter+island+2010,101392,5
george+washington+slept+here+1942,101392,4
rabbit+without+ears+2+2009,101392,3
alice+in+wonderland+2010,101393,4
harry+potter+and+the+deathly+hallows+part+2+2011,101393,4
the+importance+of+being+earnest+2002,101393,4
close+encounters+of+the+third+kind+1977,101393,4
cold+fever+1995,101394,4
the+boys+are+back+2009,101394,4
a+separation+2011,101395,4
nobody+owns+me+2013,101396,4
children+of+the+corn+genesis+2011,101396,4
closed+curtain+2013,101398,4
dr.+mabuse_+the+gambler+1922,1014,5
star+wars+1977,1014,4
heartbreakers+2001,1014,3
ponyo+2008,1014,4
strategic+air+command+1955,10140,3
our+idiot+brother+2011,101400,2
boyz+n+the+hood+1991,101400,3
shadow+man+2006,101401,3
the+kite+runner+2007,101401,5
the+hobbit+an+unexpected+journey+2012,101402,4
the+help+2011,101402,3
bound+by+honor+1993,101409,4
the+big+lebowski+1998,10141,5
the+white+sun+of+the+desert+1970,10141,3
charley+varrick+1973,101413,4
they+2002,101413,3
the+sugarland+express+1974,101413,4
up+2009,101416,4
all+that+jazz+1979,101416,4
gone+girl+2014,101419,3
intacto+2001,101419,4
iron+man+2008,101420,4
interstellar+2014,101421,4
the+end+of+evangelion+1997,101428,4
the+magnetic+man+2009,101428,4
ice+age+dawn+of+the+dinosaurs+2009,10143,5
the+american+president+1995,10143,3
ponyo+2008,101430,4
the+big+country+1958,101430,3
en+rachchant+1982,101430,3
the+return+of+jafar+1994,101431,3
halloweentown+1998,101432,3
guardians+of+the+galaxy+2014,101432,3
the+believer+2001,101432,4
the+glass+shield+1994,101432,3
phone+call+from+a+stranger+1952,101433,4
my+name+is+juani+2006,101433,4
knockout+2011,101435,4
a+chinese+ghost+story+1987,101435,4
space+1985,101435,3
all+cheerleaders+die+2013,101435,2
lake+of+fire+2006,101436,4
harry+potter+and+the+deathly+hallows+part+2+2011,101439,5
the+goonies+1985,101439,4
whiplash+2014,101440,4
lilting+2014,101440,4
raiders+of+the+lost+ark+1981,101440,4
aladin+2008,101441,3
the+little+mermaid+1989,101441,4
the+godfather+1972,101441,4
hiroshima+2005,101442,3
about+a+boy+2002,101449,4
late+chrysanthemums+1954,101450,4
seventh+son+2014,101450,3
entre+nous+1983,101451,4
gone+nutty+2002,101452,3
hype+1996,101454,3
thx+1138+1971,101454,3
my+neighbor+totoro+1988,101455,3
choices+1981,101455,2
spirited+away+2001,101458,4
puff_+puff_+pass+2006,101459,3
the+scenesters+2009,101459,3
mendy+2003,101461,4
the+matrix+1999,101461,4
men+in+black+1997,101462,3
donnie+brasco+1997,101462,3
harry+potter+and+the+deathly+hallows+part+1+2010,101464,5
the+enigma+of+kaspar+hauser+1974,101464,3
megamind+2010,101464,4
eternity+and+a+day+1998,101465,4
combat+girls+2011,101465,4
marcello+mastroianni+i+remember+1997,101466,4
se7en+1995,101466,3
but+forever+in+my+mind+1999,101466,3
my+summer+of+love+2004,101466,3
harry+potter+and+the+philosophers+stone+2001,101466,4
hope+floats+1998,101468,2
come+drink+with+me+1966,101468,3
coraline+2009,101468,5
houba+on+the+trail+of+the+marsupilami+2012,101468,3
a+wedding+suit+1976,10147,3
oceans+eleven+2001,101472,4
the+incredible+hulk+2008,101472,4
shooting+dogs+2006,101473,5
dust+devil+1992,101474,5
the+boy+2015,101477,4
the+ugly+1997,101478,3
finding+nemo+2003,101479,5
the+doctor+and+the+devils+1985,101479,3
star+wars+1977,101481,4
valley+of+the+dolls+1967,101481,3
death+becomes+her+1992,101481,4
the+hobbit+the+desolation+of+smaug+2013,101484,4
dear+frankie+2004,101484,4
country+strong+2010,101485,4
another+chance+1989,101485,4
lonely+hearts+2006,101485,3
the+princess+diaries+2+royal+engagement+2004,101486,3
largent+1983,101486,4
night+on+earth+1991,101486,3
beefcake+1998,101487,3
hawaii+2013,101488,3
modern+times+1936,101488,4
grease+1978,101491,4
the+shawshank+redemption+1994,101491,5
one+chance+2013,101492,3
the+dark+corner+1946,101492,3
look+back+in+anger+1959,101494,3
taxi+driver+1976,101495,4
ratatouille+2007,101496,4
lifes+a+breeze+2013,101496,4
the+happy+time+1952,101498,3
guardians+of+the+galaxy+2014,1015,5
give+em+hell_+malone+2009,10150,4
amigo+2010,101500,5
paris+36+2008,101501,3
lemming+2005,101501,3
all+the+presidents+men+1976,101501,4
age+of+dinosaurs+2013,101503,3
high+and+low+1963,101506,3
africa+texas+style+1967,101506,2
dikkenek+2006,101506,3
morning+glory+2010,101506,4
going+berserk+1983,101506,3
pirates+of+the+caribbean+dead+mans+chest+2006,101506,3
one+flew+over+the+cuckoos+nest+1975,101506,4
cinderella+2015,101508,3
the+american+nightmare+2000,101508,4
skeletons+2010,101508,3
the+equalizer+2014,101513,3
glowing+stars+2009,101514,3
thor+the+dark+world+2013,101515,4
manslaughter+1922,101517,3
inside+2007,101517,3
penguins+of+madagascar+2014,101518,3
the+cop+in+blue+jeans+1976,101519,4
breakout+2013,101522,3
the+bride+comes+home+1935,101524,3
at+close+range+1986,101528,4
the+jungle+book+1994,101528,3
monty+python+and+the+holy+grail+1975,101528,3
shadows++lies+2010,101530,4
the+killer+1989,101530,3
feast+2005,101531,2
a+bugs+life+1998,101532,4
death+race+2000+1975,101533,4
red+ensign+1934,101534,4
stuart+a+life+backwards+2007,101534,4
in+praise+of+love+2001,101535,4
akira+1988,101536,5
to+mars+by+a-bomb+the+secret+history+of+project+orion+2003,10154,4
the+internets+own+boy+the+story+of+aaron+swartz+2014,10154,4
flying+home+2014,10154,3
one+flew+over+the+cuckoos+nest+1975,10154,5
neptunes+daughter+1949,10154,5
long+weekend+1978,101540,3
jerichow+2008,101540,4
facing+ali+2009,101540,4
the+girl+from+the+marsh+croft+1917,101540,4
stupid+boy+2004,101542,4
ice+age+2002,101542,4
the+spanish+apartment+2002,101542,4
the+quiet+earth+1985,101544,4
slaughterhouse-five+1972,101546,4
the+net+2.0+2006,101546,4
finding+nemo+2003,101547,4
a+monster+in+paris+2011,101547,3
sleeping+beauty+1959,101547,3
stardust+memories+1980,101548,3
dances+with+wolves+1990,101549,3
ladies+of+leisure+1930,101549,2
no+such+thing+2001,10155,2
deep+crimson+1996,101551,4
batman+the+dark+knight+returns_+part+2+2013,101551,5
monty+python+and+the+holy+grail+1975,101554,5
vassilisa+the+beautiful+1940,101554,4
white+palms+2006,101557,4
foreign+intrigue+1956,101559,4
the+departed+2006,10156,4
elevator+to+the+gallows+1958,10156,4
bang+bang+youre+dead+2002,101560,4
home+alone+2+lost+in+new+york+1992,101560,3
the+spy+who+loved+me+1977,101562,3
unstoppable+2010,101563,3
the+friends+at+the+margherita+cafe+2009,101564,4
stuart+little+3+call+of+the+wild+2005,101564,4
toy+story+3+2010,101568,4
kill+the+messenger+2014,101568,4
let+it+come+down+the+life+of+paul+bowles+1999,101568,4
the+last+casino+2004,101568,4
the+spy+in+black+1939,101568,4
dawn+of+the+planet+of+the+apes+2014,101569,3
beyond+the+walls+2012,10157,4
inbetween+worlds+2014,101570,3
the+italian+job+1969,101570,4
this+above+all+1942,101571,3
no+2012,101573,4
thor+the+dark+world+2013,101574,4
gunday+2014,101576,3
babylon+5+the+gathering+1993,101576,4
ratatouille+2007,101576,4
a+christmas+kiss+2011,101577,5
brother+can+you+spare+a+dime+1975,101577,4
despicable+me+2+2013,101577,5
wit+2001,101577,5
secretariat+2010,101577,5
the+fifth+element+1997,101580,5
where+angels+go_+trouble+follows+1968,101582,3
the+claim+2000,101584,2
raggedy+man+1981,101585,3
black+dawn+2005,101585,2
to+be+and+to+have+2002,101588,4
0605+2004,101588,5
idlewild+2006,101588,4
bionicle+2+legends+of+metru+nui+2004,101589,4
days+of+glory+2006,101589,4
the+fish+child+2009,10159,5
the+green+mile+1999,10159,5
the+messenger+the+story+of+joan+of+arc+1999,10159,4
pulp+fiction+1994,101593,3
wild+strawberries+1957,101594,3
the+righteous+thief+2009,101594,3
the+equalizer+2014,101595,3
the+wolf+of+wall+street+2013,101596,4
hot+saturday+1932,101597,3
undisputed+iii++redemption+2010,1016,2
rent-a-kid+1995,101600,2
how+to+train+your+dragon+2+2014,101603,3
niagara_+niagara+1997,101605,4
55+days+at+peking+1963,101606,3
the+lord+of+the+rings+the+two+towers+2002,101606,4
the+devil+wears+prada+2006,101608,3
goodfellas+1990,101609,5
x-men+days+of+future+past+2014,101609,4
die+bademeister++weiber_+saufen_+leben+retten+1999,101609,2
one+flew+over+the+cuckoos+nest+1975,101610,4
his+girl+friday+1940,101610,5
monsters_+inc.+2001,101611,5
the+triumph+of+love+2001,101611,3
destruction+force+1977,101611,4
special+26+2013,101613,4
toy+story+3+2010,101616,4
the+chronicles+of+narnia+the+voyage+of+the+dawn+treader+2010,101616,3
tyrannosaur+2011,101617,4
the+shawshank+redemption+1994,101617,5
american+kickboxer+2+1993,101618,4
interstellar+2014,101618,4
fat_+sick++nearly+dead+2010,101619,2
monster-in-law+2005,101620,2
the+lord+of+the+rings+the+fellowship+of+the+ring+2001,101623,4
how+to+train+your+dragon+2010,101623,4
shrek+2+2004,101627,4
sixteen+candles+1984,101627,3
los+olvidados+1950,10163,4
shrek+2+2004,101631,3
pirates+of+the+caribbean+the+curse+of+the+black+pearl+2003,101633,3
iron+man+2008,101633,5
bandits+2001,101635,4
walle+2008,101638,4
tell+me+and+i+will+forget+2010,101638,5
whiplash+2014,101639,4
maleficent+2014,10164,3
the+dark+knight+2011,101644,4
the+hobbit+an+unexpected+journey+2012,101644,4
harry+potter+and+the+half-blood+prince+2009,101645,3
despicable+me+2+2013,101645,3
demons+2+1986,101645,4
back+to+the+future+1985,101647,4
the+great+debaters+2007,101647,5
knight+of+cups+2015,101649,3
the+gods+must+be+crazy+1980,10165,4
mean+girls+2004,101650,3
brooklyn+bridge+1982,101650,3
layer+cake+2004,101650,3
bringing+up+bobby+2011,101650,4
a+night+at+the+opera+1935,101650,4
the+incredibles+2004,101650,3
the+dark+knight+rises+2012,101650,4
tomcats+2001,101653,4
too+many+girls+1940,101653,3
mr.++mrs.+smith+2005,101654,3
hamlet+1948,101654,4
sons+of+perdition+2010,101655,4
casino+royale+2006,101657,4
the+gospel+according+to+matthew+1964,101657,4
tai-chi+master+1993,101663,4
dona+flor+and+her+two+husbands+1976,101664,4
harry+potter+and+the+deathly+hallows+part+2+2011,101664,4
dawn+of+the+planet+of+the+apes+2014,101665,3
princess+mononoke+1997,101666,4
wrong+turn+5+bloodlines+2012,101666,2
casanovas+big+night+1954,101666,3
